runtime,circuit,threads,total_ms,load_ms
chrome,c1_12,1,1599.5449999999255,40.33999999985099
chrome,c1_12,all,889.9250000007451,42.1399999987334
chrome,c1_14,1,4978.2750000003725,78.93999999947846
chrome,c1_14,all,2410.464999999851,76.97000000067055
chrome,c1_16,1,16526.525000000373,180.18999999947846
chrome,c1_16,all,7574.204999998212,169.01999999955297
chrome,c1_18,1,59286.27500000037,531.9550000000745
chrome,c1_18,all,25656.93999999948,521.695000000298
native,c1_12,1,212.676857,
native,c1_12,all,106.13815799999999,
native,c1_14,1,735.712292,
native,c1_14,all,314.095084,
native,c1_16,1,2590.480391,
native,c1_16,all,1064.157113,
native,c1_18,1,10580.870857999998,
native,c1_18,all,4571.43821,
node,c1_12,1,1581.170327,5.090604000000013
node,c1_12,all,1087.7051250000002,4.5230689999999925
node,c1_14,1,4031.004778,11.925179999999983
node,c1_14,all,2356.294404,11.962474000000014
node,c1_16,1,12830.840793000001,45.445998
node,c1_16,all,6657.732486,45.57590999999999
node,c1_18,1,45855.323015,156.80338000000003
node,c1_18,all,23147.508421,159.49207800000002
