runtime,circuit,k,threads,nthreads,constraints,domain,n_runs,median_total_ms,ci95_lo,ci95_hi,iqr_ms,mean_total_ms,sd_ms,cv,median_witness_ms,median_prove_ms,peak_rss_mb
chrome,c1_12,12,1,1,3735,4096,30,1367.0400000000373,1356.277499999851,1370.4625000003725,19.36625000042841,1363.1778333334873,11.683735282099692,0.008570954571296484,24.452499999664724,1332.1550000002608,
native,c1_12,12,1,1,3735,4096,30,213.77096,213.2004045,214.265984,1.6633754999999724,214.16070956666664,1.7539892403678856,0.008190060837568722,7.258106,206.5492485,7.02734375
node,c1_12,12,1,1,3735,4096,30,1083.3358505000015,1076.079377999995,1093.2774955000023,27.643321250000554,1085.053545566667,20.29530231583726,0.01870442467909552,38.19727000000057,1045.4109045000023,194.89453125
chrome,c1_12,12,all,4,3735,4096,30,621.9174999995157,617.9325000001118,625.3849999988452,12.886250001378357,629.1103333331645,24.489407313590107,0.03892704668168437,19.674999999813735,599.1150000002235,
native,c1_12,12,all,4,3735,4096,30,103.03537299999999,102.8893055,103.34791050000001,0.8902797500000048,103.39708686666668,1.2059455145228744,0.01166324459486923,7.5413725,95.544333,7.06640625
node,c1_12,12,all,4,3735,4096,30,544.421311000001,540.9934009999997,547.8841745,9.236526500001446,545.3731350333334,6.549497658256464,0.012009204776572203,36.81272499999977,504.88322549999884,299.23046875
chrome,c1_14,14,1,1,16185,16384,30,4665.1225000005215,4661.1349999997765,4674.7750000003725,37.50249999947846,4675.8176666668305,23.82923525814551,0.005096271274224481,33.580000000074506,4632.767499999143,
native,c1_14,14,1,1,16185,16384,30,733.7684785,733.4347565,735.0082785,2.1555219999999053,734.1694291,1.6721215230396003,0.0022775689871606507,13.511876,720.2815685,15.68359375
node,c1_14,14,1,1,16185,16384,30,3709.9205804999983,3685.8478479999994,3720.2695509999976,39.425817000006646,3704.8156308000007,22.37720383219772,0.006040031694469419,57.325943499996356,3651.0009109999955,197.05078125
chrome,c1_14,14,all,4,16185,16384,30,2146.5175000000745,2090.550000000745,2163.8849999997765,91.76125000044703,2128.8085000000274,50.20740909285834,0.02358474662838752,66.32999999914318,2080.417500000447,
native,c1_14,14,all,4,16185,16384,30,314.96369749999997,314.2883455,315.8499735,3.1817442499999515,315.32974463333335,2.2405311081963397,0.007105359219447052,13.3933115,301.62947399999996,16.2578125
node,c1_14,14,all,4,16185,16384,30,1789.3020520000027,1782.9902145000015,1798.6256974999997,22.67125424999722,1791.5371196000006,15.300488770308899,0.008540425204097956,54.708526000002166,1735.184527999998,349.5078125
chrome,c1_16,16,1,1,65155,65536,30,16206.570000000298,16196.13250000123,16226.872500000522,49.035000001080334,16224.450000000124,48.354682777738546,0.0029803588274325585,112.5874999994412,16099.709999999963,
native,c1_16,16,1,1,65155,65536,30,2590.437795,2589.1567045,2592.952207,11.73650650000036,2601.7794366666662,38.397740603972004,0.014758261235689607,37.926165,2552.4583945,48.15625
node,c1_16,16,1,1,65155,65536,30,12301.720092000003,12296.041643999997,12333.597696499986,48.93843525000557,12323.754646600008,65.09122208084072,0.005281768742353103,107.68323749998672,12196.326198999988,335.875
chrome,c1_16,16,all,4,65155,65536,30,7196.7324999999255,7183.307500000112,7206.092499999329,49.6537500009872,7204.175666666776,46.32342715092472,0.006430080177703054,116.83500000089407,7074.962499999441,
native,c1_16,16,all,4,65155,65536,30,1072.9597024999998,1072.474041,1073.6870485,2.837804249999863,1073.5300547,4.396694254557346,0.004095548359646075,38.031874,1035.0747809999998,50.8046875
node,c1_16,16,all,4,65155,65536,30,6073.384299500005,6064.0949655,6081.358518000008,24.534316500008572,6076.311379000002,21.606270554640627,0.003555820169011227,108.76277850000042,5962.246560500007,601.375
chrome,c1_18,18,1,1,261865,262144,10,59059.21750000026,59008.84500000067,59088.80750000011,64.13874999852851,59049.23099999987,47.63815329044108,0.0008067531529824866,396.6849999995902,58684.37249999959,
native,c1_18,18,1,1,261865,262144,10,10585.71296,10573.2715055,10626.510487,36.566269750001084,10598.733758400002,42.71751393598836,0.004030435607662348,132.47885000000002,10453.199682499999,175.76171875
node,c1_18,18,1,1,261865,262144,10,44095.60009349999,43547.045613999944,44158.13508800004,483.55235950007045,43953.319606699995,330.95585679928774,0.007529712425835493,325.1942209999834,43767.01144499998,683.4765625
chrome,c1_18,18,all,4,261865,262144,10,25298.367499999702,25231.585000000894,25325.237499998882,83.74999999906868,25286.77449999992,54.615565467464016,0.0021598470563125474,375.6949999993667,24931.18499999959,
native,c1_18,18,all,4,261865,262144,10,4584.556034000001,4563.506665,4593.2528495,20.520092250000744,4579.2022177,18.80048115807656,0.004105623701309154,132.401237,4451.5955025,199.4921875
node,c1_18,18,all,4,261865,262144,10,21954.247212000017,21854.010904500014,22120.90202349999,203.55327250006667,21954.443800000005,197.1784742197767,0.008981255731915952,313.781178499994,21635.841935500008,1428.96875
chrome,c1_20,20,1,1,1048290,1048576,10,207602.8275000006,207511.6649999991,207675.25,142.41750000044703,207603.28250000012,103.9893594251026,0.0005009042158334011,1435.1450000004843,206175.9400000004,
native,c1_20,20,1,1,1048290,1048576,10,37454.665773,37367.367211000004,37576.823564000006,142.87313400000858,37482.6337266,138.41086375800572,0.0036926664430141365,508.332615,36949.075549500005,630.13671875
node,c1_20,20,1,1,1048290,1048576,10,162886.109312,162664.98528799997,163138.74542100006,402.4700622499804,163149.00349089998,1025.1931125557035,0.006283784090736945,1179.1506479999516,161701.25251400005,2230.22265625
chrome,c1_20,20,all,4,1048290,1048576,10,94754.2749999999,94627.44000000041,94893.78500000015,210.10499999974854,94761.7365000002,183.9389297363167,0.001941067529258672,1215.1400000001304,93518.26000000024,
native,c1_20,20,all,4,1048290,1048576,10,15488.502152000001,15442.988925000001,15511.928624,27.006629249999605,15479.215858700001,45.95967180308601,0.002969121447922354,505.7815495,14983.528112,658.00390625
node,c1_20,20,all,4,1048290,1048576,10,86091.89368400001,85873.17714100005,86229.932463,326.88824475002184,86008.97746710005,305.361119838197,0.0035503400788016925,1191.56342150009,84874.484284,4221.40625
