k,domain,threads,comparison,metric,ratio,ci95_lo,ci95_hi,median_a_ms,median_b_ms,mannwhitney_p
12,4096,1,chrome/native,total_ms,6.3948816995537525,6.342707088717068,6.414800239667443,1367.0400000000373,213.77096,3.019859359162157e-11
12,4096,1,node/native,total_ms,5.067740962102624,5.029603375419421,5.120534589918126,1083.3358505000015,213.77096,3.019859359162157e-11
12,4096,1,chrome/node,total_ms,1.261880144896059,1.2451377574680618,1.2710172767752714,1367.0400000000373,1083.3358505000015,3.019859359162157e-11
12,4096,all,chrome/native,total_ms,6.035961067462877,5.9842515106269145,6.067267181350999,621.9174999995157,103.03537299999999,3.019859359162157e-11
12,4096,all,node/native,total_ms,5.283829185536127,5.24072736184807,5.316043932372693,544.421311000001,103.03537299999999,3.019859359162157e-11
12,4096,all,chrome/node,total_ms,1.142345987259699,1.1321436518948351,1.1512271059513337,621.9174999995157,544.421311000001,3.019859359162157e-11
14,16384,1,chrome/native,total_ms,6.357758116752519,6.346674717411251,6.369322007820834,4665.1225000005215,733.7684785,3.019859359162157e-11
14,16384,1,node/native,total_ms,5.055982492030691,5.022024531560477,5.070286343011586,3709.9205804999983,733.7684785,3.019859359162157e-11
14,16384,1,chrome/node,total_ms,1.2574723363409002,1.2538120600709373,1.2659650887582257,4665.1225000005215,3709.9205804999983,3.019859359162157e-11
14,16384,all,chrome/native,total_ms,6.8151266861479325,6.642824798866094,6.8754481283258775,2146.5175000000745,314.96369749999997,3.019859359162157e-11
14,16384,all,node/native,total_ms,5.680978684853047,5.6557322138632475,5.714456798367321,1789.3020520000027,314.96369749999997,3.019859359162157e-11
14,16384,all,chrome/node,total_ms,1.1996395452633568,1.1690838038384426,1.2106079102766403,2146.5175000000745,1789.3020520000027,3.019859359162157e-11
16,65536,1,chrome/native,total_ms,6.256305413425417,6.248454968041159,6.264986952546618,16206.570000000298,2590.437795,3.019859359162157e-11
16,65536,1,node/native,total_ms,4.748896157917586,4.743061094145342,4.761898449527938,12301.720092000003,2590.437795,3.019859359162157e-11
16,65536,1,chrome/node,total_ms,1.3174230822029254,1.3138376785667727,1.3192867518265843,16206.570000000298,12301.720092000003,3.019859359162157e-11
16,65536,all,chrome/native,total_ms,6.707365135178436,6.694577615041865,6.716977712618893,7196.7324999999255,1072.9597024999998,3.019859359162157e-11
16,65536,all,node/native,total_ms,5.660402981909757,5.650669363646993,5.6684655211420445,6073.384299500005,1072.9597024999998,3.019859359162157e-11
16,65536,all,chrome/node,total_ms,1.1849624764552444,1.1825512974880674,1.1874744923571794,7196.7324999999255,6073.384299500005,3.019859359162157e-11
18,262144,1,chrome/native,total_ms,5.579144052286891,5.5578799900732685,5.586670712446799,59059.21750000026,10585.71296,0.00018267179110955002
18,262144,1,node/native,total_ms,4.165576778826618,4.112590424822958,4.173757955502746,44095.60009349999,10585.71296,0.00018267179110955002
18,262144,1,chrome/node,total_ms,1.3393449091240741,1.3373119910769835,1.3562767115669583,59059.21750000026,44095.60009349999,0.00018267179110955002
18,262144,all,chrome/native,total_ms,5.518171729690259,5.501414259126374,5.543624531991278,25298.367499999702,4584.556034000001,0.00018267179110955002
18,262144,all,node/native,total_ms,4.78874007628718,4.76529039093304,4.831379586541811,21954.247212000017,4584.556034000001,0.00018267179110955002
18,262144,all,chrome/node,total_ms,1.1523222479781414,1.1425205268113583,1.1569746997264105,25298.367499999702,21954.247212000017,0.00018267179110955002
20,1048576,1,chrome/native,total_ms,5.542776132570793,5.522773387008465,5.5547144249609035,207602.8275000006,37454.665773,0.00018267179110955002
20,1048576,1,node/native,total_ms,4.348887006473301,4.333331913577704,4.359049963583155,162886.109312,37454.665773,0.00018267179110955002
20,1048576,1,chrome/node,total_ms,1.2745275111356982,1.2723754523447524,1.2762468662232707,207602.8275000006,162886.109312,0.00018267179110955002
20,1048576,all,chrome/native,total_ms,6.117717134304331,6.105464592664659,6.13496116124574,94754.2749999999,15488.502152000001,0.00018267179110955002
20,1048576,all,node/native,total_ms,5.558438952915994,5.540165592678342,5.569900645138783,86091.89368400001,15488.502152000001,0.00018267179110955002
20,1048576,all,chrome/node,total_ms,1.1006178508257134,1.0981930924825039,1.1038968420257202,94754.2749999999,86091.89368400001,0.00018267179110955002
12,4096,1,chrome/native,prove_ms,6.449575632323159,6.4324024223595515,6.474358265110567,1332.1550000002608,206.5492485,3.016075319890922e-11
12,4096,1,node/native,prove_ms,5.0613154591070915,5.024250004854105,5.118677523119311,1045.4109045000023,206.5492485,3.019859359162157e-11
12,4096,1,chrome/node,prove_ms,1.274288410677524,1.2606456221266877,1.2833577288884361,1332.1550000002608,1045.4109045000023,3.016075319890922e-11
12,4096,all,chrome/native,prove_ms,6.270544585833505,6.236758558304963,6.314795114331966,599.1150000002235,95.544333,3.0179667984904466e-11
12,4096,all,node/native,prove_ms,5.2842822765846185,5.258231093840856,5.318929485876975,504.88322549999884,95.544333,3.019859359162157e-11
12,4096,all,chrome/node,prove_ms,1.1866407314422152,1.1776371818895455,1.1952617182563205,599.1150000002235,504.88322549999884,3.0179667984904466e-11
14,16384,1,chrome/native,prove_ms,6.431884005649303,6.420007868166658,6.438694545678033,4632.767499999143,720.2815685,3.019859359162157e-11
14,16384,1,node/native,prove_ms,5.068852335904241,5.038803284083155,5.086937602033302,3651.0009109999955,720.2815685,3.019859359162157e-11
14,16384,1,chrome/node,prove_ms,1.2689034083889739,1.2642632233635673,1.2762750124923945,4632.767499999143,3651.0009109999955,3.019859359162157e-11
14,16384,all,chrome/native,prove_ms,6.897261969831394,6.817256982472062,6.953001646219318,2080.417500000447,301.62947399999996,3.019859359162157e-11
14,16384,all,node/native,prove_ms,5.752702164643228,5.728601325087127,5.780112832983355,1735.184527999998,301.62947399999996,3.019859359162157e-11
14,16384,all,chrome/node,prove_ms,1.1989603793887964,1.1850888788228564,1.2082376156107801,2080.417500000447,1735.184527999998,3.019859359162157e-11
16,65536,1,chrome/native,prove_ms,6.307530823887818,6.298374187028781,6.3136201883989935,16099.709999999963,2552.4583945,3.019859359162157e-11
16,65536,1,node/native,prove_ms,4.778266405940427,4.772885224417776,4.790135480338181,12196.326198999988,2552.4583945,3.019859359162157e-11
16,65536,1,chrome/node,prove_ms,1.3200458676908808,1.3165268822507903,1.3213304703235935,16099.709999999963,12196.326198999988,3.019859359162157e-11
16,65536,all,chrome/native,prove_ms,6.835218700975618,6.820683721878981,6.8515407188539434,7074.962499999441,1035.0747809999998,3.019859359162157e-11
16,65536,all,node/native,prove_ms,5.760208508548339,5.753581146704544,5.770843728196087,5962.246560500007,1035.0747809999998,3.019859359162157e-11
16,65536,all,chrome/node,prove_ms,1.186626958179019,1.1836522364280269,1.1893154622394193,7074.962499999441,5962.246560500007,3.019859359162157e-11
18,262144,1,chrome/native,prove_ms,5.614010473582054,5.590749774384332,5.621007128623539,58684.37249999959,10453.199682499999,0.00018267179110955002
18,262144,1,node/native,prove_ms,4.1869487596483586,4.1336834766459205,4.195811246288953,43767.01144499998,10453.199682499999,0.00018267179110955002
18,262144,1,chrome/node,prove_ms,1.3408357244987033,1.3382838159993722,1.3576808900384978,58684.37249999959,43767.01144499998,0.00018267179110955002
18,262144,all,chrome/native,prove_ms,5.60050547854097,5.582000318823801,5.625885496235582,24931.18499999959,4451.5955025,0.00018267179110955002
18,262144,all,node/native,prove_ms,4.8602443603308965,4.839839074580789,4.9041219102314235,21635.841935500008,4451.5955025,0.00018267179110955002
18,262144,all,chrome/node,prove_ms,1.1523094444081974,1.1418427535755329,1.1561924131775483,24931.18499999959,21635.841935500008,0.00018267179110955002
20,1048576,1,chrome/native,prove_ms,5.580002664039328,5.561351164988934,5.591319769817234,206175.9400000004,36949.075549500005,0.00018267179110955002
20,1048576,1,node/native,prove_ms,4.376327421165702,4.359838380312442,4.387419924241525,161701.25251400005,36949.075549500005,0.00018267179110955002
20,1048576,1,chrome/node,prove_ms,1.275042319057793,1.273018167094549,1.2765839499512865,206175.9400000004,161701.25251400005,0.00018267179110955002
20,1048576,all,chrome/native,prove_ms,6.241404514408285,6.228787671312033,6.259374720717933,93518.26000000024,14983.528112,0.00018267179110955002
20,1048576,all,node/native,prove_ms,5.6645193074404,5.645318719492267,5.677405617616656,84874.484284,14983.528112,0.00018267179110955002
20,1048576,all,chrome/node,prove_ms,1.1018418643591064,1.0993170773867107,1.1052305652392833,93518.26000000024,84874.484284,0.00018267179110955002
