k,threads,compare,stage,native_ms,chrome_ms,added_ms,share_of_added,ratio,node_ms
12,1,chrome vs native,S0–S1 Load + data bridging,6.096644000000025,1.712500000372529,-4.384143999627496,-0.0038381389836291305,0.28089224175997846,
12,1,chrome vs native,S2 Witness generation,7.258106,24.452499999664724,17.194393999664726,0.015052989572331402,3.368991855404802,
12,1,chrome vs native,S3 QAP construction,0.587,14.077499999664724,13.490499999664724,0.011810381675821177,23.982112435544675,
12,1,chrome vs native,S4 FFT / NTT,10.301,70.87749999947846,60.57649999947846,0.053032251258070665,6.8806426560021805,
12,1,chrome vs native,S5 MSM,188.3685,1239.9824999999255,1051.6139999999255,0.9206450995845077,6.582748707984219,
12,1,chrome vs native,S6 Finalize + output,1.0685,4.83500000089407,3.7665000008940694,0.0032974168928983586,4.525035096765625,
12,1,node vs native,S0–S1 Load + data bridging,6.096644000000025,,-5.388319000007697,-0.006181450419607706,0.11618277202873012,0.7083249999923282
12,1,node vs native,S2 Witness generation,7.258106,,30.939164000000574,0.035493241638039984,5.262704898495637,38.19727000000057
12,1,node vs native,S3 QAP construction,0.587,,14.41996649999918,0.01654250759318846,25.565530664393833,15.00696649999918
12,1,node vs native,S4 FFT / NTT,10.301,,41.329551000000194,0.047413037418679985,5.012188234152043,51.630551000000196
12,1,node vs native,S5 MSM,188.3685,,787.3677254999989,0.9032639970221845,5.179933085945892,975.7362254999989
12,1,node vs native,S6 Finalize + output,1.0685,,3.0236079999998253,0.0034686667475146587,3.829768834814998,4.0921079999998256
12,all,chrome vs native,S0–S1 Load + data bridging,6.3892354999999945,1.5324999997392297,-4.856735500260765,-0.00944871990956631,0.2398565524371783,
12,all,chrome vs native,S2 Witness generation,7.5413725,19.674999999813735,12.133627499813736,0.023605824885171482,2.6089415421150113,
12,all,chrome vs native,S3 QAP construction,0.4115,15.68500000052154,15.27350000052154,0.02971440868788108,38.116646416820274,
12,all,chrome vs native,S4 FFT / NTT,5.6725,45.294999999925494,39.622499999925495,0.07708509236214038,7.985015425284353,
12,all,chrome vs native,S5 MSM,81.88,530.125,448.245,0.8720552016135426,6.474413776257939,
12,all,chrome vs native,S6 Finalize + output,1.2530000000000001,4.845000000670552,3.592000000670552,0.0069881923608308034,3.8667198728416214,
12,all,node vs native,S0–S1 Load + data bridging,6.3892354999999945,,-5.7388304999996755,-0.01308962327534243,0.10179699903068522,0.650405000000319
12,all,node vs native,S2 Witness generation,7.5413725,,29.27135249999977,0.06676464429203328,4.881435706829198,36.81272499999977
12,all,node vs native,S3 QAP construction,0.4115,,13.930383499999312,0.031773629155983515,34.85269380315751,14.341883499999312
12,all,node vs native,S4 FFT / NTT,5.6725,,28.409194500000595,0.06479815940912681,6.008231732040651,34.081694500000594
12,all,node vs native,S5 MSM,81.88,,369.7927039999996,0.8434553321152249,5.516276306790421,451.6727039999996
12,all,node vs native,S6 Finalize + output,1.2530000000000001,,2.7611444999999293,0.006297858302973899,3.2036268954508613,4.014144499999929
14,1,chrome vs native,S0–S1 Load + data bridging,7.113234000000009,6.464999999850988,-0.6482340001490208,-0.0001649958220727103,0.9088692990910998,
14,1,chrome vs native,S2 Witness generation,13.511876,33.580000000074506,20.068124000074505,0.005107965049794037,2.4852211491634844,
14,1,chrome vs native,S3 QAP construction,2.368,55.28000000026077,52.91200000026077,0.013467758456895655,23.34459459470472,
14,1,chrome vs native,S4 FFT / NTT,49.5415,321.6349999997765,272.0934999997765,0.06925630359219587,6.492233783792911,
14,1,chrome vs native,S5 MSM,660.013,4240.6474999981,3580.6344999981,0.9113834398277157,6.425096929906077,
14,1,chrome vs native,S6 Finalize + output,1.1019999999999999,4.832499999552965,3.7304999995529653,0.000949528895471369,4.3852087110281,
14,1,node vs native,S0–S1 Load + data bridging,7.113234000000009,,-4.9166000000001056,-0.0016520224996587408,0.3088094669737985,2.1966339999999036
14,1,node vs native,S2 Witness generation,13.511876,,43.814067499996355,0.014721926801358505,4.242633924408154,57.325943499996356
14,1,node vs native,S3 QAP construction,2.368,,61.43495050000495,0.020642704407807633,26.943813555745336,63.802950500004954
14,1,node vs native,S4 FFT / NTT,49.5415,,185.9859879999961,0.062492990439988516,4.754145272145496,235.52748799999608
14,1,node vs native,S5 MSM,660.013,,2685.9354165000104,0.9024988285986644,5.069518958717495,3345.9484165000104
14,1,node vs native,S6 Finalize + output,1.1019999999999999,,3.855764999999199,0.0012955722518397318,4.498879310344101,4.957764999999199
14,all,chrome vs native,S0–S1 Load + data bridging,6.718592000000033,6.472500002942979,-0.24609199705705365,-0.00013402739243305274,0.9633714925601893,
14,all,chrome vs native,S2 Witness generation,13.3933115,66.32999999914318,52.93668849914319,0.028830544708595484,4.952471985673086,
14,all,chrome vs native,S3 QAP construction,1.1360000000000001,65.3050000006333,64.1690000006333,0.03494792129760943,57.486795775205366,
14,all,chrome vs native,S4 FFT / NTT,20.6075,214.18499999959022,193.5774999995902,0.10542678294670167,10.393546039043562,
14,all,chrome vs native,S5 MSM,271.4405,1793.6425000010058,1522.202000001006,0.829026409864168,6.607866180621557,
14,all,chrome vs native,S6 Finalize + output,1.272,4.7650000005960464,3.493000000596046,0.0019023685753584367,3.746069182858527,
14,all,node vs native,S0–S1 Load + data bridging,6.718592000000033,,-4.734785500001497,-0.003205973459438282,0.2952711669347575,1.9838064999985363
14,all,node vs native,S2 Witness generation,13.3933115,,41.31521450000217,0.027974969754799826,4.084764697662872,54.708526000002166
14,all,node vs native,S3 QAP construction,1.1360000000000001,,65.80062499999846,0.04455430079448784,58.92308538732258,66.93662499999846
14,all,node vs native,S4 FFT / NTT,20.6075,,113.3266964999985,0.07673470767043146,6.499293776537595,133.9341964999985
14,all,node vs native,S5 MSM,271.4405,,1258.3697629999958,0.8520555075486214,5.635895391439361,1529.8102629999958
14,all,node vs native,S6 Finalize + output,1.272,,2.7860850000005737,0.0018864876910977535,3.1903183962268664,4.058085000000574
16,1,chrome vs native,S0–S1 Load + data bridging,13.089816500000117,24.742499998770654,11.652683498770537,0.0008554587453629133,1.890209843565831,
16,1,chrome vs native,S2 Witness generation,37.926165,112.5874999994412,74.66133499944121,0.005481114455093625,2.968597009464079,
16,1,chrome vs native,S3 QAP construction,9.659,241.7625000011176,232.1035000011176,0.01703942005515265,25.0297649861391,
16,1,chrome vs native,S4 FFT / NTT,234.10899999999998,1460.117499999702,1226.008499999702,0.0900049926975765,6.236913147293364,
16,1,chrome vs native,S5 MSM,2293.437,14366.825000001118,12073.388000001118,0.8863439354420238,6.264320755268672,
16,1,chrome vs native,S6 Finalize + output,1.1055000000000001,4.852500000037253,3.7470000000372528,0.00027507860479046765,4.3894165536293555,
16,1,node vs native,S0–S1 Load + data bridging,13.089816500000117,,-5.2853520000246785,-0.0005439548721579136,0.5962241334685913,7.804464499975438
16,1,node vs native,S2 Witness generation,37.926165,,69.75707249998672,0.007179218991216368,2.8392862157296084,107.68323749998672
16,1,node vs native,S3 QAP construction,9.659,,217.7464785000044,0.022409909098722796,23.543377005901686,227.4054785000044
16,1,node vs native,S4 FFT / NTT,234.10899999999998,,835.1227755000041,0.0859486941609841,4.567239087348218,1069.231775500004
16,1,node vs native,S5 MSM,2293.437,,8595.77118250002,0.8846547239717704,4.747986616811371,10889.20818250002
16,1,node vs native,S6 Finalize + output,1.1055000000000001,,3.41447150000534,0.0003514086494643255,4.088621890552094,4.51997150000534
16,all,chrome vs native,S0–S1 Load + data bridging,10.468447999999999,25.42999999783933,14.961551997839333,0.0024468011372042915,2.4292044052603914,
16,all,chrome vs native,S2 Witness generation,38.031874,116.83500000089407,78.80312600089407,0.012887404885675368,3.072028478031192,
16,all,chrome vs native,S3 QAP construction,4.264,247.76250000018626,243.49850000018625,0.0398215644201909,58.105651970024915,
16,all,chrome vs native,S4 FFT / NTT,89.37950000000001,685.554999999702,596.175499999702,0.09749809990188643,7.670159264705015,
16,all,chrome vs native,S5 MSM,929.3265,6106.8025000002235,5177.476000000223,0.8467205919865769,6.571213131230222,
16,all,chrome vs native,S6 Finalize + output,1.1099999999999999,4.935000001452863,3.8250000014528633,0.0006255376684660028,4.445945947254832,
16,all,node vs native,S0–S1 Load + data bridging,10.468447999999999,,-2.149828500027443,-0.0004300879642077082,0.794637323505123,8.318619499972556
16,all,node vs native,S2 Witness generation,38.031874,,70.73090450000042,0.014150203480224903,2.859779628529491,108.76277850000042
16,all,node vs native,S3 QAP construction,4.264,,229.46733150000648,0.04590651647596694,54.8150402204518,233.7313315000065
16,all,node vs native,S4 FFT / NTT,89.37950000000001,,480.743789500003,0.09617609857200979,6.378680676217734,570.123289500003
16,all,node vs native,S5 MSM,929.3265,,4216.284072000005,0.8434966012520163,5.5369243984756755,5145.610572000005
16,all,node vs native,S6 Finalize + output,1.1099999999999999,,3.502345000001369,0.0007006681839897491,4.155265765767,4.612345000001369
18,1,chrome vs native,S0–S1 Load + data bridging,37.16169650000104,100.40999999921769,63.24830349921665,0.0013060997093339113,2.7019756753897086,
18,1,chrome vs native,S2 Witness generation,132.47885000000002,396.6849999995902,264.2061499995902,0.005455949908964285,2.9943270189889946,
18,1,chrome vs native,S3 QAP construction,38.328,913.3799999989569,875.051999998957,0.018070131523209167,23.830619912308414,
18,1,chrome vs native,S4 FFT / NTT,1211.8339999999998,6753.860000000335,5542.026000000335,0.11444478582435129,5.573255082792145,
18,1,chrome vs native,S5 MSM,9163.309,50840.302500001155,41676.993500001154,0.8606445720229794,5.548247090652641,
18,1,chrome vs native,S6 Finalize + output,1.0755,4.875000000931323,3.7995000009313227,7.846101116201574e-05,4.53277545414349,
18,1,node vs native,S0–S1 Load + data bridging,37.16169650000104,,-4.7320095000339535,-0.00014132950400530593,0.8726643305955146,32.42968699996709
18,1,node vs native,S2 Witness generation,132.47885000000002,,192.71537099998335,0.005755772002873354,2.4546878313027576,325.1942209999834
18,1,node vs native,S3 QAP construction,38.328,,964.1151350000378,0.028794936661176655,26.15432934147458,1002.4431350000377
18,1,node vs native,S4 FFT / NTT,1211.8339999999998,,3513.21332849999,0.10492808545252727,3.8990879348986662,4725.04732849999
18,1,node vs native,S5 MSM,9163.309,,28813.301755,0.8605582143823131,4.144421055210515,37976.610755
18,1,node vs native,S6 Finalize + output,1.0755,,3.4928870000066237,0.00010432100511505208,4.247686657374825,4.568387000006624
18,all,chrome vs native,S0–S1 Load + data bridging,23.507647000000254,107.53000000026077,84.02235300026052,0.0040577668674684104,4.574256198430222,
18,all,chrome vs native,S2 Witness generation,132.401237,375.6949999993667,243.2937629993667,0.011749603948338377,2.8375490177585476,
18,all,chrome vs native,S3 QAP construction,16.118499999999997,984.6249999990687,968.5064999990686,0.04677295322367167,61.086639575585124,
18,all,chrome vs native,S4 FFT / NTT,451.7415,3060.9500000001863,2609.208500000186,0.12600884673611648,6.775888422914845,
18,all,chrome vs native,S5 MSM,3958.3595,20754.992499996908,16796.63299999691,0.8111748652433318,5.243331865131731,
18,all,chrome vs native,S6 Finalize + output,1.0665,5.952499999664724,4.885999999664724,0.00023596398107333065,5.581340834191021,
18,all,node vs native,S0–S1 Load + data bridging,23.507647000000254,,11.15945300003488,0.0006413672233563305,1.4747158658641912,34.667100000035134
18,all,node vs native,S2 Witness generation,132.401237,,181.37994149999398,0.010424449070399883,2.3699263361111496,313.781178499994
18,all,node vs native,S3 QAP construction,16.118499999999997,,1019.9388679999797,0.05861894483182117,64.27753004311691,1036.0573679999798
18,all,node vs native,S4 FFT / NTT,451.7415,,1999.1779799999822,0.11489875265603955,5.425491082842693,2450.9194799999823
18,all,node vs native,S5 MSM,3958.3595,,14184.241012500022,0.8152108596698862,4.583363515239084,18142.600512500023
18,all,node vs native,S6 Finalize + output,1.0665,,3.577793999983347,0.000205626548496874,4.354706047804357,4.644293999983347
20,1,chrome vs native,S0–S1 Load + data bridging,122.9657215000008,377.53499999828637,254.56927849828557,0.0014960210015786232,3.070245881477497,
20,1,chrome vs native,S2 Witness generation,508.332615,1435.1450000004843,926.8123850004843,0.005446575488853557,2.8232400551368997,
20,1,chrome vs native,S3 QAP construction,214.329,3678.1950000007637,3463.8660000007635,0.020356015907434723,17.1614433884391,
20,1,chrome vs native,S4 FFT / NTT,5941.389499999999,29732.210000000894,23790.820500000897,0.13981092817933363,5.004251951500722,
20,1,chrome vs native,S5 MSM,30626.838,172354.20250000013,141727.36450000014,0.8328857081307898,5.627554581377292,
20,1,chrome vs native,S6 Finalize + output,4.199,5.007499999366701,0.8084999993667008,4.751292009640644e-06,1.1925458440978092,
20,1,node vs native,S0–S1 Load + data bridging,122.9657215000008,,239.15498400012788,0.0019060232309821405,2.944891479371561,362.1207055001287
20,1,node vs native,S2 Witness generation,508.332615,,670.8180329999516,0.005346301938909072,2.3196438969393136,1179.1506479999516
20,1,node vs native,S3 QAP construction,214.329,,3401.928804500288,0.027112775251722884,16.872461517108224,3616.2578045002883
20,1,node vs native,S4 FFT / NTT,5941.389499999999,,15607.893925500151,0.1243921741087044,3.6269770607532386,21549.28342550015
20,1,node vs native,S5 MSM,30626.838,,105553.09007300004,0.8412395945759628,4.446424670839348,136179.92807300005
20,1,node vs native,S6 Finalize + output,4.199,,0.3928435000348838,3.1308937187210006e-06,1.09355644201831,4.591843500034884
20,all,chrome vs native,S0–S1 Load + data bridging,67.95467300000124,430.42000000039116,362.46532700038995,0.004575284418595844,6.333927911041281,
20,all,chrome vs native,S2 Witness generation,505.7815495,1215.1400000001304,709.3584505001304,0.008954005870385078,2.4024996586003984,
20,all,chrome vs native,S3 QAP construction,88.69,3953.1875,3864.4975,0.04878032153799244,44.57309166760627,
20,all,chrome vs native,S4 FFT / NTT,2120.742,13711.63749999972,11590.89549999972,0.14630818350982397,6.4654906160201095,
20,all,chrome vs native,S5 MSM,12711.1185,75404.83249999955,62693.713999999556,0.7913627909788832,5.932194912666383,
20,all,chrome vs native,S6 Finalize + output,4.177,5.714999999850988,1.5379999998509888,1.941368431941373e-05,1.3682068469837176,
20,all,node vs native,S0–S1 Load + data bridging,67.95467300000124,,297.25502549993587,0.0042173653840441505,5.374313235234469,365.2096984999371
20,all,node vs native,S2 Witness generation,505.7815495,,685.7818720000901,0.009729668062344668,2.355885505665505,1191.56342150009
20,all,node vs native,S3 QAP construction,88.69,,3764.4362760000245,0.05340869582992466,43.444878520690324,3853.1262760000245
20,all,node vs native,S4 FFT / NTT,2120.742,,8755.5288995,0.12422082498907133,5.128521479510472,10876.2708995
20,all,node vs native,S5 MSM,12711.1185,,56979.368459999896,0.8084062355001377,5.48264001787096,69690.4869599999
20,all,node vs native,S6 Finalize + output,4.177,,1.2130390000781048,1.7210234477351275e-05,1.2904091453383062,5.390039000078104
