runtime,circuit,threads,residual_pct
chrome,c1_12,1,0.0009303218333205648
chrome,c1_12,all,0.0022184845885253107
chrome,c1_14,1,0.000323478450048343
chrome,c1_14,all,0.0004929952032387919
chrome,c1_16,1,9.319750074701056e-05
chrome,c1_16,all,0.00021150319464811372
chrome,c1_18,1,1.704030974635788e-05
chrome,c1_18,all,6.016081777841837e-05
chrome,c1_20,1,2.911045646426369e-05
chrome,c1_20,all,1.8715881387194904e-05
native,c1_12,1,2.5713374418194284
native,c1_12,all,5.781204799517544
native,c1_14,1,0.7241246206083736
native,c1_14,all,1.802342557061058
native,c1_16,1,0.2556687301265055
native,c1_16,all,0.6977079631076799
native,c1_18,1,0.10578846292460212
native,c1_18,all,0.27092544388724316
native,c1_20,1,0.05957659598682231
native,c1_20,all,0.16628690628835896
node,c1_12,1,0.0014935481075920333
node,c1_12,all,0.002415115713838888
node,c1_14,1,0.0022354321164556263
node,c1_14,all,0.0010362405852760836
node,c1_16,1,0.0007537599889968109
node,c1_16,all,0.0015330600707329069
node,c1_18,1,0.00019832227800535665
node,c1_18,all,0.0004183871154015261
node,c1_20,1,8.461880507996337e-05
node,c1_20,all,0.0001543785802392167
